{
	"class_name" : "PinholeCameraParameters",
	"extrinsic" : 
	[
		0.99964687832084798,
		0.0075743600647151044,
		0.02547052675139877,
		0.0,
		-0.010003826899245572,
		-0.78072660231681579,
		0.62479268232127261,
		0.0,
		0.024617922551539596,
		-0.6248268572208231,
		-0.78037513824108706,
		0.0,
		-21.965388704502356,
		-11.789216413143993,
		71.556941303741439,
		1.0
	],
	"intrinsic" : 
	{
		"height" : 665,
		"intrinsic_matrix" : 
		[
			575.90689351665173,
			0.0,
			0.0,
			0.0,
			575.90689351665173,
			0.0,
			895.5,
			332.0,
			1.0
		],
		"width" : 1792
	},
	"version_major" : 1,
	"version_minor" : 0
}